Product Name;Category;Brand Name;Amazon URL;Official Site URL;AliExpress URL;Description;Image Path
MagSafe Minimalist Wallet;Phone Accessories;Nomad;https://www.amazon.com/dp/B0C5R7V9Z2;https://nomadgoods.com/products/modern-leather-wallet-for-magsafe;https://www.aliexpress.com/item/1005005489321775.html;Billetera delgada de cuero con imanes MagSafe para iPhone, diseñada para llevar solo lo esencial sin volumen.;/images/products/nomad-magsafe-wallet.jpg
Aluminum Laptop Stand;Desk Accessories;Twelve South;https://www.amazon.com/dp/B08T9T9V2F;https://www.twelvesouth.com/products/hoverbar-2s;https://www.aliexpress.com/item/1005004890123456.html;Soporte ajustable de aluminio para portátil que eleva la pantalla a la altura de los ojos, mejorando la postura y el flujo de aire.;/images/products/twelvesouth-laptop-stand.jpg
Minimalist Desk Lamp;Home Office;Satechi;https://www.amazon.com/dp/B09H7R8M3N;https://satechi.net/products/led-desk-lamp;https://www.aliexpress.com/item/1005006023456789.html;Lámpara LED con diseño escandinavo y base de metal, iluminación regulable y puerto de carga USB integrado.;/images/products/satechi-desk-lamp.jpg
Keychron K3 Ultra-Slim;Keyboards;Keychron;https://www.amazon.com/dp/B095WJ4F4V;https://www.keychron.com/products/keychron-k3-ultra-slim-wireless-mechanical-keyboard;https://www.aliexpress.com/item/1005003526789012.html;Teclado mecánico inalámbrico ultra delgado con switches de perfil bajo, conectividad Bluetooth y RGB personalizable.;/images/products/keychron-k3.jpg
Orbitkey Key Organizer;Everyday Carry;Orbitkey;https://www.amazon.com/dp/B075VJG4Y5;https://www.orbitkey.com/products/orbitkey-key-organizer-2-0;https://www.aliexpress.com/item/1005004034567890.html;Organizador de llaves de cuero que elimina el ruido y el desorden, manteniendo tus llaves ordenadas y accesibles.;/images/products/orbitkey-organizer.jpg
CalDigit TS4 Dock;Docks & Hubs;CalDigit;https://www.amazon.com/dp/B0B8V3YJ6T;https://www.caldigit.com/ts4/;https://www.aliexpress.com/item/1005005045678901.html;La estación de conexión más completa para Mac y PC, con 18 puertos y carga de hasta 98W para tu laptop.;/images/products/caldigit-ts4.jpg
Nomad Stand One;Phone Chargers;Nomad;https://www.amazon.com/dp/B09SY6VH2L;https://nomadgoods.com/products/stand-one-magsafe;https://www.aliexpress.com/item/1005004387654321.html;Cargador inalámbrico MagSafe de una sola pieza de aluminio pulido con acabado metálico premium.;/images/products/nomad-stand-one.jpg
Grovemade Walnut Desk Mat;Desk Accessories;Grovemade;https://www.amazon.com/dp/B07P5L5V9J;https://grovemade.com/product/walnut-desk-mat/;No Disponible;Base de escritorio de madera de nogal con superficie de cuero, protege tu mesa y aporta calidez a tu setup.;/images/products/grovemade-desk-mat.jpg
Native Union Dock Sport;Phone Stands;Native Union;https://www.amazon.com/dp/B08M3FQJ4V;https://www.nativeunion.com/products/dock-sport-for-iphone;https://www.aliexpress.com/item/1005003334567890.html;Soporte con cable tejido y base de metal, diseñado para cargar el iPhone en posición vertical u horizontal.;/images/products/native-union-dock.jpg
Ridge Wallet;Wallets;Ridge;https://www.amazon.com/dp/B07K1V5Y2X;https://ridge.com/products/ridge-wallet;https://www.aliexpress.com/item/1005002765432109.html;Cartera de aluminio con sistema de banda elástica, capacidad para hasta 12 tarjetas y protección RFID.;/images/products/ridge-wallet.jpg
Elgato Wave 3;Audio;Elgato;https://www.amazon.com/dp/B08H1VY1JF;https://www.elgato.com/us/en/p/wave-3;https://www.aliexpress.com/item/1005003214567890.html;Micrófono de condensador con tecnología Clipguard y mezclador digital integrado para streaming y podcasts.;/images/products/elgato-wave3.jpg
Minimal Desk Setup Bundle;Desk Organization;DeskTech;https://www.amazon.com/dp/B0C8V9W3X2;https://www.desktechco.com/collections/bundles;https://www.aliexpress.com/item/1005006245678901.html;Pack completo de organización minimalista: bandeja de cables, soporte para laptop y organizador de escritorio.;/images/products/desktech-bundle.jpg
Satechi Aluminum Monitor Stand;Desk Risers;Satechi;https://www.amazon.com/dp/B07YV8F4J2;https://satechi.net/products/aluminum-monitor-stand;No Disponible;Elevador de monitor de aluminio con espacio de almacenamiento oculto y acabado Space Gray.;/images/products/satechi-monitor-stand.jpg
Bellroy Note Sleeve;Wallets;Bellroy;https://www.amazon.com/dp/B00I6B3V8M;https://bellroy.com/products/note-sleeve-wallet;No Disponible;Cartera de cuero vegano con capacidad para billetes y 4-11 tarjetas, diseño ultradelgado.;/images/products/bellroy-note-sleeve.jpg
CableKeep Magnetic Cable Management;Desk Organization;CableKeep;https://www.amazon.com/dp/B09T4V7J5R;https://www.cablekeep.com/products/magnetic-cable-clips;https://www.aliexpress.com/item/1005004789123456.html;Clips magnéticos para gestión de cables que mantienen tu escritorio libre de desorden con adhesivo 3M.;/images/products/cablekeep-clips.jpg
PureStand Lap Desk;Laptop Accessories;PureStand;https://www.amazon.com/dp/B0C2V4M7N8;https://www.purestand.co/products/lap-desk;https://www.aliexpress.com/item/1005005678901234.html;Base para portátil con cojín ergonómico y superficie de bambú, ideal para trabajar desde el sofá o la cama.;/images/products/purestand-lapdesk.jpg
SleekLamp Monitor Light Bar;Lighting;SleekLamp;https://www.amazon.com/dp/B09V7W3X5Y;https://www.sleeklamp.com/products/monitor-light-bar;https://www.aliexpress.com/item/1005003987654321.html;Barra de luz para monitor con control táctil, iluminación asimétrica que no refleja en la pantalla.;/images/products/sleeklamp-lightbar.jpg
KeycapStudio PBT Keycaps;Keyboard Accessories;KeycapStudio;https://www.amazon.com/dp/B0B7V4K9L2;https://www.keycapstudio.com/products/minimalist-pbt-keycaps;https://www.aliexpress.com/item/1005004456789012.html;Set de keycaps PBT con perfil cherry y diseño minimalista en tonos grises y blancos.;/images/products/keycapstudio-keycaps.jpg
DeskMatCo Wool Desk Mat;Desk Accessories;DeskMatCo;https://www.amazon.com/dp/B09X4V5M6N;https://www.deskmatco.com/products/wool-felt-desk-mat;https://www.aliexpress.com/item/1005005123456789.html;Base de escritorio de fieltro de lana natural, aísla el frío y protege la superficie con estilo.;/images/products/deskmatco-wool-mat.jpg
AeroCharge 3-in-1 Wireless Charger;Charging Stations;AeroCharge;https://www.amazon.com/dp/B0D2V3X4Y5;https://www.aerocharge.co/products/3-in-1-wireless-charger;https://www.aliexpress.com/item/1005006312345678.html;Cargador inalámbrico 3 en 1 para iPhone, Apple Watch y AirPods, con diseño plegable y compacto.;/images/products/aerocharge-3in1.jpg
SetupTray Cable Management Box;Desk Organization;SetupTray;https://www.amazon.com/dp/B09V5W6X7Y;https://www.setuptray.co/products/cable-management-box;https://www.aliexpress.com/item/1005003567890123.html;Caja organizadora de cables con tapa de madera y múltiples entradas para mantener oculto el exceso de cable.;/images/products/setuptray-cablebox.jpg
MinimalCase Ultra-Thin iPhone Case;Phone Cases;MinimalCase;https://www.amazon.com/dp/B0C3V4N5M6;https://www.minimalcase.co/products/ultra-thin-iphone-case;https://www.aliexpress.com/item/1005004876543210.html;Funda ultrafina para iPhone con protección contra caídas y acabado mate antihuellas.;/images/products/minimalcase-iphone.jpg
SleekTray Wooden Desk Organizer;Desk Organization;SleekTray;https://www.amazon.com/dp/B09W7X8Y9Z;https://www.sleektray.co/products/wooden-desk-organizer;https://www.aliexpress.com/item/1005004234567890.html;Organizador de escritorio de madera con compartimentos para bolígrafos, notas y gadgets pequeños.;/images/products/sleektray-organizer.jpg
DeskAudio Minimalist Speakers;Audio;DeskAudio;https://www.amazon.com/dp/B0B5V6C7D8;https://www.deskaudio.co/products/minimalist-speakers;https://www.aliexpress.com/item/1005005123987654.html;Parlantes Bluetooth con diseño minimalista, sonido de alta definición y conexión multipunto.;/images/products/deskaudio-speakers.jpg
TechMat Waterproof Laptop Sleeve;Laptop Bags;TechMat;https://www.amazon.com/dp/B08V9W1X2Y;https://www.techmat.co/products/waterproof-laptop-sleeve;https://www.aliexpress.com/item/1005003765432109.html;Funda para portátil impermeable con interior acolchado y cierre magnético, disponible en varios tamaños.;/images/products/techmat-laptopsleeve.jpg
ClearStand Acrylic Phone Stand;Phone Stands;ClearStand;https://www.amazon.com/dp/B09T5U6V7W;https://www.clearstand.co/products/acrylic-phone-stand;https://www.aliexpress.com/item/1005003345678901.html;Soporte para teléfono de acrílico transparente con diseño invisible que hace flotar visualmente tu dispositivo.;/images/products/clearstand-phone.jpg
SetupMat Large Gaming/Desk Mat;Desk Accessories;SetupMat;https://www.amazon.com/dp/B0C7V8D9E0;https://www.setupmat.co/products/large-desk-mat;https://www.aliexpress.com/item/1005005987654321.html;Alfombrilla de escritorio extragrande de 90x40cm con bordes cosidos y superficie antideslizante.;/images/products/setupmat-large.jpg
MinimalCharge GaN Charger;Chargers;MinimalCharge;https://www.amazon.com/dp/B09R4S5T6U;https://www.minimalcharge.co/products/gan-charger;https://www.aliexpress.com/item/1005004678901234.html;Cargador GaN de 65W con 3 puertos (2 USB-C y 1 USB-A), compacto y potente para todos tus dispositivos.;/images/products/minimalcharge-gan.jpg
TechStand Laptop Riser;Laptop Accessories;TechStand;https://www.amazon.com/dp/B0A5V6B7C8;https://www.techstand.co/products/laptop-riser;https://www.aliexpress.com/item/1005003890123456.html;Elevador plegable de aluminio para portátil, mejora la refrigeración y la ergonomía en cualquier lugar.;/images/products/techstand-riser.jpg
SleekSetup Monitor Mount;Monitor Arms;SleekSetup;https://www.amazon.com/dp/B09V3W4X5Y;https://www.sleeksetup.co/products/monitor-mount;https://www.aliexpress.com/item/1005005456789012.html;Brazo articulado para monitor con sistema de gas, compatible con pantallas de 17 a 32 pulgadas.;/images/products/sleeksetup-mount.jpg
ClearBox Clear Storage Box;Storage;ClearBox;https://www.amazon.com/dp/B08V1W2X3Y;https://www.clearbox.co/products/clear-storage-box;https://www.aliexpress.com/item/1005003123456789.html;Caja de almacenamiento transparente con tapa magnética, ideal para organizar cables y pequeños accesorios.;/images/products/clearbox-storage.jpg
MinimalTray Desk Valet;Desk Organization;MinimalTray;https://www.amazon.com/dp/B0C2V3D4E5;https://www.minimaltray.co/products/desk-valet;https://www.aliexpress.com/item/1005004345678901.html;Bandeja de escritorio de cuero para reloj, llaves y airpods, mantiene tus objetos diarios organizados.;/images/products/minimaltray-valet.jpg
DeskStand Adjustable Laptop Stand;Laptop Accessories;DeskStand;https://www.amazon.com/dp/B09W5X6Y7Z;https://www.deskstand.co/products/adjustable-laptop-stand;https://www.aliexpress.com/item/1005004765432109.html;Soporte ajustable de aluminio para portátil, plegable y portátil, compatible con todos los modelos.;/images/products/deskstand-adjustable.jpg
TechLight LED Desk Lamp with Clamp;Lighting;TechLight;https://www.amazon.com/dp/B0B7V8C9D0;https://www.techlight.co/products/led-desk-lamp-clamp;https://www.aliexpress.com/item/1005005234567890.html;Lámpara LED con pinza para escritorio, brazo articulado de metal y control táctil de intensidad.;/images/products/techlight-clamp.jpg
SleekBox Leather Cable Pouch;Travel Accessories;SleekBox;https://www.amazon.com/dp/B09T3U4V5W;https://www.sleekbox.co/products/leather-cable-pouch;https://www.aliexpress.com/item/1005003456789012.html;Estuche de cuero para cables y cargadores, diseño compacto ideal para viajes y organización diaria.;/images/products/sleekbox-pouch.jpg
ClearSetup Monitor Stand with Drawer;Desk Risers;ClearSetup;https://www.amazon.com/dp/B0C5V6D7E8;https://www.clearsetup.co/products/monitor-stand-drawer;https://www.aliexpress.com/item/1005004876543210.html;Elevador para monitor con cajón incorporado de acrílico, espacio de almacenamiento oculto y diseño transparente.;/images/products/clearsetup-stand.jpg
SetupAudio Soundbar;Audio;SetupAudio;https://www.amazon.com/dp/B09X2Y3Z4A;https://www.setupaudio.co/products/minimalist-soundbar;https://www.aliexpress.com/item/1005003987012345.html;Barra de sonido compacta con Bluetooth 5.0, diseño minimalista que se integra debajo del monitor.;/images/products/setupaudio-soundbar.jpg
MinimalProtect Screen Protector;Phone Accessories;MinimalProtect;https://www.amazon.com/dp/B0B3V4M5N6;https://www.minimalprotect.co/products/glass-screen-protector;https://www.aliexpress.com/item/1005004123567890.html;Protector de pantalla de vidrio templado con cobertura completa y instalación sin burbujas.;/images/products/minimalprotect-screen.jpg
DeskLight Monitor Light Bar Pro;Lighting;DeskLight;https://www.amazon.com/dp/B09V8W9X0Y;https://www.desklight.co/products/monitor-light-bar-pro;https://www.aliexpress.com/item/1005005345678901.html;Barra de luz para monitor con control remoto inalámbrico y sensor de luz automática.;/images/products/desklight-barpro.jpg
TechAudio USB-C Hub;Docks & Hubs;TechAudio;https://www.amazon.com/dp/B0C8V9D0E1;https://www.techaudio.co/products/usb-c-hub;https://www.aliexpress.com/item/1005004567890123.html;Hub USB-C con 7 puertos: HDMI, USB-A, SD/TF y carga passthrough, en aluminio plateado.;/images/products/techaudio-hub.jpg
SleekStands Vertical Laptop Stand;Laptop Stands;SleekStands;https://www.amazon.com/dp/B09T5U6V7W;https://www.sleekstands.co/products/vertical-laptop-stand;https://www.aliexpress.com/item/1005003876543210.html;Soporte vertical de aluminio para portátil, ahorra espacio en el escritorio y mejora la ventilación.;/images/products/sleekstands-vertical.jpg
ClearStands Dual Monitor Stand;Monitor Arms;ClearStands;https://www.amazon.com/dp/B0A7V8B9C0;https://www.clearstands.co/products/dual-monitor-stand;https://www.aliexpress.com/item/1005004987012345.html;Soporte de acrílico para dos monitores, diseño transparente que crea una ilusión de flotación.;/images/products/clearstands-dual.jpg
SetupStands Headphone Stand;Audio Accessories;SetupStands;https://www.amazon.com/dp/B09V4W5X6Y;https://www.setupstands.co/products/headphone-stand;https://www.aliexpress.com/item/1005003654321098.html;Soporte para auriculares de aluminio con base de metal y cable management integrado.;/images/products/setupstands-headphone.jpg
MinimalSetup Desk Shelf;Desk Risers;MinimalSetup;https://www.amazon.com/dp/B0C4V5D6E7;https://www.minimalsetup.co/products/desk-shelf;https://www.aliexpress.com/item/1005004212345678.html;Estante de escritorio de bambú con espacio inferior para guardar teclado y notebook cuando no se usan.;/images/products/minimalsetup-shelf.jpg
DeskTools Multi-Tool Kit;Tools;DeskTools;https://www.amazon.com/dp/B09R2S3T4U;https://www.desktools.co/products/multi-tool-kit;https://www.aliexpress.com/item/1005003344556677.html;Kit de herramientas de precisión con 30 piezas para reparar gadgets, gafas y dispositivos electrónicos.;/images/products/desktools-kit.jpg
TechGadgets Digital Timer;Productivity Tools;TechGadgets;https://www.amazon.com/dp/B0B5V6C7D8;https://www.techgadgets.co/products/digital-timer;https://www.aliexpress.com/item/1005004765432198.html;Temporizador digital minimalista con método pomodoro, imán trasero para nevera o superficie metálica.;/images/products/techgadgets-timer.jpg
SleekGadgets Portable SSD Enclosure;Storage;SleekGadgets;https://www.amazon.com/dp/B09W7X8Y9Z;https://www.sleekgadgets.co/products/ssd-enclosure;https://www.aliexpress.com/item/1005005123098765.html;Caja externa para SSD NVMe en aluminio, con transferencia USB 3.2 de 10Gbps y diseño compacto.;/images/products/sleekgadgets-ssd.jpg
ClearGadgets Bluetooth Tracker;Gadgets;ClearGadgets;https://www.amazon.com/dp/B0C7V8D9E0;https://www.cleargadgets.co/products/bluetooth-tracker;https://www.aliexpress.com/item/1005005890123456.html;Localizador Bluetooth ultradelgado con diseño transparente, compatible con Find My network.;/images/products/cleargadgets-tracker.jpg